{
    "init_time": "2024-09-21 03:33:09",
    "total_time_secs": 14553.163461,
    "timing_secs": {
        "setup": 0.875091,
        "test_prediction": 0.001741,
        "compute_vS": 14552.272111,
        "shapley_computation": 0.014518
    }
}