{
    "init_time": "2024-09-20 18:32:57",
    "total_time_secs": 8201.439418,
    "timing_secs": {
        "setup": 0.695813,
        "test_prediction": 0.001756,
        "compute_vS": 8200.728551,
        "shapley_computation": 0.013298
    }
}