{
    "init_time": "2024-09-19 15:27:35",
    "total_time_secs": 681.618156,
    "timing_secs": {
        "setup": 0.905802,
        "test_prediction": 0.001755,
        "compute_vS": 680.705261,
        "shapley_computation": 0.005338
    }
}