{
    "init_time": "2024-11-25 12:58:20",
    "total_time_secs": 183.55891400000002,
    "timing_secs": {
        "setup": 0.721148,
        "test_prediction": 0.01025,
        "compute_vS": 182.823004,
        "shapley_computation": 0.004512
    }
}