{
    "init_time": "2024-12-17 13:54:56",
    "total_time_secs": 97.80051000000002,
    "timing_secs": {
        "setup": 0.502695,
        "test_prediction": 0.004474,
        "compute_vS": 97.290163,
        "shapley_computation": 0.003178
    }
}