{
    "init_time": "2024-09-19 15:49:13",
    "total_time_secs": 355.319618,
    "timing_secs": {
        "setup": 0.716078,
        "test_prediction": 0.00175,
        "compute_vS": 354.597067,
        "shapley_computation": 0.004723
    }
}