{
    "init_time": "2024-09-11 10:29:14",
    "total_time_secs": 5322.8884370000005,
    "timing_secs": {
        "setup": 0.868206,
        "test_prediction": 0.115169,
        "compute_vS": 5321.707457,
        "shapley_computation": 0.197605
    }
}