{
    "init_time": "2024-09-10 12:56:36",
    "total_time_secs": 4554.166121,
    "timing_secs": {
        "setup": 0.802643,
        "test_prediction": 0.010158,
        "compute_vS": 4553.299139,
        "shapley_computation": 0.054181
    }
}