{
    "init_time": "2024-10-25 18:45:30",
    "total_time_secs": 151699.746077,
    "timing_secs": {
        "setup": 0.952494,
        "test_prediction": 0.024668,
        "compute_vS": 151698.004044,
        "shapley_computation": 0.764871
    }
}