{
    "init_time": "2024-09-20 13:59:51",
    "total_time_secs": 6833.180832,
    "timing_secs": {
        "setup": 0.878413,
        "test_prediction": 0.001737,
        "compute_vS": 6832.287119,
        "shapley_computation": 0.013563
    }
}