{
    "init_time": "2024-09-19 15:16:52",
    "total_time_secs": 278.15993999999995,
    "timing_secs": {
        "setup": 0.69168,
        "test_prediction": 0.001818,
        "compute_vS": 277.46153,
        "shapley_computation": 0.004912
    }
}