{
    "init_time": "2024-09-13 15:06:11",
    "total_time_secs": 131.148196,
    "timing_secs": {
        "setup": 0.76834,
        "test_prediction": 0.009992,
        "compute_vS": 130.364623,
        "shapley_computation": 0.005241
    }
}