{
    "init_time": "2024-09-10 09:42:48",
    "total_time_secs": 664.2968359999999,
    "timing_secs": {
        "setup": 1.458739,
        "test_prediction": 0.113681,
        "compute_vS": 662.719216,
        "shapley_computation": 0.0052
    }
}