{
    "init_time": "2024-09-19 15:39:18",
    "total_time_secs": 572.485698,
    "timing_secs": {
        "setup": 0.669174,
        "test_prediction": 0.001765,
        "compute_vS": 571.809622,
        "shapley_computation": 0.005137
    }
}