{
    "init_time": "2024-09-20 20:50:53",
    "total_time_secs": 8727.22056,
    "timing_secs": {
        "setup": 0.743605,
        "test_prediction": 0.001743,
        "compute_vS": 8726.462372,
        "shapley_computation": 0.01284
    }
}