{
    "init_time": "2024-09-19 15:07:33",
    "total_time_secs": 536.98667,
    "timing_secs": {
        "setup": 0.946659,
        "test_prediction": 0.001738,
        "compute_vS": 536.032752,
        "shapley_computation": 0.005521
    }
}