{
    "init_time": "2024-09-19 15:03:57",
    "total_time_secs": 193.17164199999996,
    "timing_secs": {
        "setup": 0.591926,
        "test_prediction": 0.001728,
        "compute_vS": 192.572973,
        "shapley_computation": 0.005015
    }
}