{
    "init_time": "2024-09-21 10:44:08",
    "total_time_secs": 14303.908460999999,
    "timing_secs": {
        "setup": 0.694421,
        "test_prediction": 0.001733,
        "compute_vS": 14303.199234,
        "shapley_computation": 0.013073
    }
}