{
    "init_time": "2024-11-25 12:20:11",
    "total_time_secs": 108.905418,
    "timing_secs": {
        "setup": 0.728091,
        "test_prediction": 0.009788,
        "compute_vS": 108.162478,
        "shapley_computation": 0.005061
    }
}