{
    "init_time": "2024-09-20 23:16:55",
    "total_time_secs": 15338.454638000001,
    "timing_secs": {
        "setup": 0.895672,
        "test_prediction": 0.00174,
        "compute_vS": 15337.541546,
        "shapley_computation": 0.01568
    }
}