{
    "init_time": "2024-09-20 09:25:47",
    "total_time_secs": 3806.647294,
    "timing_secs": {
        "setup": 0.821499,
        "test_prediction": 0.006326,
        "compute_vS": 3805.80508,
        "shapley_computation": 0.014389
    }
}