{
    "init_time": "2024-09-20 12:00:54",
    "total_time_secs": 7112.345294000001,
    "timing_secs": {
        "setup": 0.817198,
        "test_prediction": 0.001729,
        "compute_vS": 7111.512311,
        "shapley_computation": 0.014056
    }
}