{
    "init_time": "2024-09-16 09:29:03",
    "total_time_secs": 129.60131800000002,
    "timing_secs": {
        "setup": 0.761812,
        "test_prediction": 0.010408,
        "compute_vS": 128.824488,
        "shapley_computation": 0.00461
    }
}