{
    "init_time": "2024-09-21 07:36:15",
    "total_time_secs": 11249.244927,
    "timing_secs": {
        "setup": 0.639796,
        "test_prediction": 0.001785,
        "compute_vS": 11248.590279,
        "shapley_computation": 0.013067
    }
}