{
    "init_time": "2024-09-19 14:57:05",
    "total_time_secs": 188.976441,
    "timing_secs": {
        "setup": 0.845825,
        "test_prediction": 0.047691,
        "compute_vS": 188.077657,
        "shapley_computation": 0.005268
    }
}