{
    "init_time": "2024-09-13 15:23:27",
    "total_time_secs": 634.375945,
    "timing_secs": {
        "setup": 0.746239,
        "test_prediction": 0.010544,
        "compute_vS": 633.614657,
        "shapley_computation": 0.004505
    }
}