{
    "init_time": "2024-09-19 16:06:10",
    "total_time_secs": 467.45421799999997,
    "timing_secs": {
        "setup": 0.800106,
        "test_prediction": 0.001745,
        "compute_vS": 466.647659,
        "shapley_computation": 0.004708
    }
}