{
    "init_time": "2024-09-20 15:54:16",
    "total_time_secs": 9495.133866999999,
    "timing_secs": {
        "setup": 0.732105,
        "test_prediction": 0.001757,
        "compute_vS": 9494.385876,
        "shapley_computation": 0.014129
    }
}