{
    "init_time": "2024-09-13 15:13:50",
    "total_time_secs": 316.21366600000005,
    "timing_secs": {
        "setup": 0.821031,
        "test_prediction": 0.010518,
        "compute_vS": 315.377467,
        "shapley_computation": 0.00465
    }
}